name,rating,year,url
A Taiwanese Tale of Two Cities, 6.9,2018,https://asyafanatiklerim.com/dizi/a-taiwanese-tale-of-two-cities/
Bloody Romance, 8.6,2018,https://asyafanatiklerim.com/dizi/bloody-romance-tr/
Your Imagination Becomes Reality, 8.1,2018,https://asyafanatiklerim.com/dizi/your-imagination-becomes-reality/
A Teen, 8.9,2018,https://asyafanatiklerim.com/dizi/a-teen/
Taste of Cat, 7.5,2018,https://asyafanatiklerim.com/dizi/taste-of-cat/
Wish Woosh, 7.1,2018,https://asyafanatiklerim.com/dizi/wish-woosh/
Legend of Fu Yao, 8,2018,https://asyafanatiklerim.com/dizi/legend-of-fu-yao/
My Girl, 7.1,2018,https://asyafanatiklerim.com/dizi/my-girl/
Kareshi wo Ron de Kaimashita, 7,2018,https://asyafanatiklerim.com/dizi/kareshi-wo-ron-de-kaimashita/
Love and Fortune, 6.6,2018,https://asyafanatiklerim.com/dizi/love-and-fortune/
Switched, 7.5,2018,https://asyafanatiklerim.com/dizi/switched/
Youngju, 7.4,2018,https://asyafanatiklerim.com/film/youngju/
The Witch Part 1. The Subversion, 9.3,2018,https://asyafanatiklerim.com/film/the-witch-part-1-the-subversion/
The Soul Mate, 8.4,2018,https://asyafanatiklerim.com/film/the-soul-mate/
The Drug King, 6.9,2018,https://asyafanatiklerim.com/film/the-drug-king/
Swing Kids, 9.3,2018,https://asyafanatiklerim.com/film/swing-kids/
Student A, 8.9,2018,https://asyafanatiklerim.com/film/student-a/
Intimate Strangers, 7.1,2018,https://asyafanatiklerim.com/film/intimate-strangers/
Ashes of Love, 8.1,2018,https://asyafanatiklerim.com/dizi/ashes-of-love/
Martial Universe, 8.4,2018,https://asyafanatiklerim.com/dizi/martial-universe/
The Three Musketeers, 7.5,2014,https://asyafanatiklerim.com/dizi/the-three-musketeers/
Longing for Spring, 8.4,2014,https://asyafanatiklerim.com/dizi/longing-for-spring/
Maids, 7.6,2014,https://asyafanatiklerim.com/dizi/maids-tr1/
Golden Cross, 7.1,2014,https://asyafanatiklerim.com/dizi/golden-cross/
Her Lovely Heels, 7.8,2014,https://asyafanatiklerim.com/dizi/her-lovely-heels/
Healer, 9.4,2014,https://asyafanatiklerim.com/dizi/healer/
A New Leaf, 7.5,2014,https://asyafanatiklerim.com/dizi/a-new-leaf/
Witch’s Romance, 7.7,2014,https://asyafanatiklerim.com/dizi/witchs-romance/
Alice no Toge, 6.2,2014,https://asyafanatiklerim.com/dizi/alice-no-toge/
Birth of a Beauty, 7.9,2014,https://asyafanatiklerim.com/dizi/birth-of-a-beauty/
Cheo Yong, 6.8,2014,https://asyafanatiklerim.com/dizi/cheo-yong/
Mimi, 6.7,2014,https://asyafanatiklerim.com/dizi/mimi/
My Lovely Girl, 7.9,2014,https://asyafanatiklerim.com/dizi/my-lovely-girl/
Surplus Princess, 8.1,2014,https://asyafanatiklerim.com/dizi/surplus-princess-tr/
Trot Lovers, 7.7,2014,https://asyafanatiklerim.com/dizi/trot-lovers/
The Night Watchman, 7.4,2014,https://asyafanatiklerim.com/dizi/the-night-watchman-tr/
Cunning Single Lady, 8.3,2014,https://asyafanatiklerim.com/dizi/cunning-single-lady/
Zankyou No Terror, 7.2,2014,https://asyafanatiklerim.com/dizi/zankyou-no-terror/
ZX ignition, 6.3,2014,https://asyafanatiklerim.com/dizi/zx-ignition/
Kiseijuu: Sei no Kakuritsu, 7.5,2014,https://asyafanatiklerim.com/dizi/kiseijuu-sei-no-kakuritsu/
Fashion King, 7.9,2012,https://asyafanatiklerim.com/dizi/fashion-king/
Dr. Jin, 8.1,2012,https://asyafanatiklerim.com/dizi/dr-jin/
Sarayın Doktoru, 8.2,2012,https://asyafanatiklerim.com/dizi/sarayin-doktoru/
Love Rain, 8.7,2012,https://asyafanatiklerim.com/dizi/love-rain/
Arang and the Magistrate, 8.7,2012,https://asyafanatiklerim.com/dizi/arang-and-the-magistrate/
The King 2 Hearts, 8.6,2012,https://asyafanatiklerim.com/dizi/the-king-2-hearts/
Ho-Goo’s Love, 7.3,2015,https://asyafanatiklerim.com/dizi/ho-goos-love/
Ex-Girlfriend Club, 7.6,2015,https://asyafanatiklerim.com/dizi/ex-girlfriend-club/
High End Crush, 8.7,2015,https://asyafanatiklerim.com/dizi/high-end-crush/
Last, 7.9,2015,https://asyafanatiklerim.com/dizi/last/
9 Seconds Eternal Time, 7.6,2015,https://asyafanatiklerim.com/dizi/9-seconds-eternal-time/
Romance Blue, 7.7,2015,https://asyafanatiklerim.com/dizi/romance-blue/
My Beautiful Bride, 6.3,2015,https://asyafanatiklerim.com/dizi/my-beautiful-bride/
The Time We Were Not In Love, 7.9,2015,https://asyafanatiklerim.com/dizi/the-time-we-were-not-in-love-tr/
The Moon Embracing the Sun, 9,2012,https://asyafanatiklerim.com/dizi/the-moon-embracing-the-sun/
"I Do, I Do", 7.2,2012,https://asyafanatiklerim.com/dizi/i-do-i-do/
Goodbye Dear Wife, 6.8,2012,https://asyafanatiklerim.com/dizi/goodbye-dear-wife/
Heartbeat Love, 6.2,2012,https://asyafanatiklerim.com/dizi/heartbeat-love/
Faith, 9,2012,https://asyafanatiklerim.com/dizi/faith/
To The Beautiful You, 8.5,2012,https://asyafanatiklerim.com/dizi/to-the-beautiful-you-tr/
The Thieves, 8.5,2012,https://asyafanatiklerim.com/film/the-thieves-tr/
Sweet Family, 6.4,2015,https://asyafanatiklerim.com/dizi/sweet-family/
Yong Pal, 8.5,2015,https://asyafanatiklerim.com/dizi/yong-pal-tr1/
The Village Achiara’s, 8.5,2015,https://asyafanatiklerim.com/dizi/the-village-achiaras/
Producer, 8.3,2015,https://asyafanatiklerim.com/dizi/producer/
Scholar Who Walks the Night, 8.8,2015,https://asyafanatiklerim.com/dizi/scholar-who-walks-the-night/
Triage X, 5.9,2015,https://asyafanatiklerim.com/dizi/triage-x/
Kantai Collection, 6.4,2015,https://asyafanatiklerim.com/dizi/kantai-collection/
Rokka no Yuusha, 6.2,2015,https://asyafanatiklerim.com/dizi/rokka-no-yuusha/
Gakkou Gurashi, 7.8,2015,https://asyafanatiklerim.com/dizi/gakkou-gurashi/
DanMachi, 6.6,2015,https://asyafanatiklerim.com/dizi/danmachi/
Okitegami Kyoko no Biboroku, 7.2,2015,https://asyafanatiklerim.com/dizi/okitegami-kyoko-no-biboroku/
Mrs. Cop, 7.2,2015,https://asyafanatiklerim.com/dizi/mrs-cop/
Who Are You, 8.2,2013,https://asyafanatiklerim.com/dizi/who-are-you-tr/
Good Doctor, 8.6,2013,https://asyafanatiklerim.com/dizi/good-doctor/
IRIS 2, 7.7,2013,https://asyafanatiklerim.com/dizi/iris-2/
All About My Romance, 7.7,2013,https://asyafanatiklerim.com/dizi/all-about-my-romance/
Queen of Ambition, 7,2013,https://asyafanatiklerim.com/dizi/queen-of-ambition/
Shark, 7.2,2013,https://asyafanatiklerim.com/dizi/shark/
Prime Minister and I, 7.8,2013,https://asyafanatiklerim.com/dizi/prime-minister-and-i/
The Queen of Office, 6.4,2013,https://asyafanatiklerim.com/dizi/the-queen-of-office/
Two Weeks, 8.5,2013,https://asyafanatiklerim.com/dizi/two-weeks-tr1/
I Hear Your Voice, 9,2013,https://asyafanatiklerim.com/dizi/i-hear-your-voice-tr1/
Golden Time, 7.2,2013,https://asyafanatiklerim.com/dizi/golden-time/
Strike the Blood, 7,2013,https://asyafanatiklerim.com/dizi/strike-the-blood/
Love Live! School Idol Project, 6.9,2013,https://asyafanatiklerim.com/dizi/love-live-school-idol-project/
Kotoura-san, 6.5,2013,https://asyafanatiklerim.com/dizi/kotoura-san/
Gin no Saji, 6.8,2013,https://asyafanatiklerim.com/dizi/gin-no-saji/
Hataraku Maou, 7.2,2013,https://asyafanatiklerim.com/dizi/hataraku-maou/
Cuticle Detective Inaba, 6.4,2013,https://asyafanatiklerim.com/dizi/cuticle-detective-inaba/
Coppelion, 6.8,2013,https://asyafanatiklerim.com/dizi/coppelion/
Blood Lad, 6.6,2013,https://asyafanatiklerim.com/dizi/blood-lad/
Fantasista Doll, 6.1,2013,https://asyafanatiklerim.com/dizi/fantasista-doll/
Lie to Me, 8.3,2011,https://asyafanatiklerim.com/dizi/lie-to-me/
Heartstrings, 9.1,2011,https://asyafanatiklerim.com/dizi/heartstrings-tr1/
City Hunter, 9.4,2011,https://asyafanatiklerim.com/dizi/city-hunter/
The Greatest Love, 8.3,2011,https://asyafanatiklerim.com/dizi/the-greatest-love-tr1/
Me Too Flower, 8,2011,https://asyafanatiklerim.com/dizi/me-too-flower/
The Princess Man, 8.4,2011,https://asyafanatiklerim.com/dizi/the-princess-man/
Tree With Deep Roots, 8.1,2011,https://asyafanatiklerim.com/dizi/tree-with-deep-roots/
Dream High, 8.4,2011,https://asyafanatiklerim.com/dizi/dream-high/
Hayate the Combat Butler, 6.2,2011,https://asyafanatiklerim.com/dizi/hayate-the-combat-butler/
Office Girls, 7.2,2011,https://asyafanatiklerim.com/dizi/office-girls/
Designated Survivor: 60 Days, 8.8,2019,https://asyafanatiklerim.com/dizi/designated-survivor-60-days/
Chief of Staff, 7.7,2019,https://asyafanatiklerim.com/dizi/chief-of-staff/
Trans-Siberian Pathfinders, 7,2019,https://asyafanatiklerim.com/dizi/trans-siberian-pathfinders/
Emperors and Me, 7.8,2019,https://asyafanatiklerim.com/dizi/emperors-and-me/
Love In Your Taste, 8.1,2019,https://asyafanatiklerim.com/dizi/love-in-your-taste/
The Night of the Comet, 8,2019,https://asyafanatiklerim.com/dizi/night-of-the-comet/
Like, 8.5,2019,https://asyafanatiklerim.com/dizi/like/
Two Hearts, 7.8,2019,https://asyafanatiklerim.com/dizi/two-hearts-tr/
A Little Thing Called First Love, 8.7,2019,https://asyafanatiklerim.com/dizi/a-little-thing-called-first-love-tr/
Onzoshi Boys, 8,2019,https://asyafanatiklerim.com/dizi/onzoshi-boys/
Love Is Drop By Drop, 8.1,2016,https://asyafanatiklerim.com/dizi/love-is-drop-by-drop/
Fox in the Screen, 8,2016,https://asyafanatiklerim.com/dizi/fox-in-the-screen/
I See You The Series, 7.1,2016,https://asyafanatiklerim.com/dizi/i-see-you-the-series/
Thumping Spike 2, 8.2,2016,https://asyafanatiklerim.com/dizi/thumping-spike-2/
Hapishanedeki Çiçek, 7.9,2016,https://asyafanatiklerim.com/dizi/hapishanedeki-cicek/
My Runway, 8.4,2016,https://asyafanatiklerim.com/dizi/my-runway/
Dear My Friends, 7.2,2016,https://asyafanatiklerim.com/dizi/dear-my-friends/
Modern People, 7.4,2011,https://asyafanatiklerim.com/dizi/modern-people/
Drunken to Love You, 6.2,2011,https://asyafanatiklerim.com/dizi/drunken-to-love-you/
An Evil Game a Love Game, 7,2011,https://asyafanatiklerim.com/dizi/an-evil-game-a-love-game/
49 Days, 8.4,2011,https://asyafanatiklerim.com/dizi/49-days/
Jiu Keishichou Tokushuhan Sousakei, 6.8,2011,https://asyafanatiklerim.com/dizi/jiu-keishichou-tokushuhan-sousakei/
Asuko March, 8.1,2011,https://asyafanatiklerim.com/dizi/asuko-march/
Different Dreams, 8.4,2019,https://asyafanatiklerim.com/dizi/different-dreams-nw/
The World Owes Me a First Love, 8.7,2019,https://asyafanatiklerim.com/dizi/the-world-owes-me-a-first-love/
Golden Garden, 7.1,2019,https://asyafanatiklerim.com/dizi/golden-garden/
Black Dog, 7.8,2019,https://asyafanatiklerim.com/dizi/black-dog/
Diary of a Prosecutor, 7.5,2019,https://asyafanatiklerim.com/dizi/diary-of-a-prosecutor-v5/
Queen: Love And War, 8.5,2019,https://asyafanatiklerim.com/dizi/queen-love-and-war-v1/
Crash Landing on You, 9.5,2019,https://asyafanatiklerim.com/dizi/crash-landing-on-you/
Stove League, 8.7,2019,https://asyafanatiklerim.com/dizi/stove-league-nw/
Gogh the Starry Night, 8.8,2016,https://asyafanatiklerim.com/dizi/gogh-the-starry-night/
Gasohug, 6.5,2016,https://asyafanatiklerim.com/dizi/gasohug/
Hundred, 6.7,2016,https://asyafanatiklerim.com/dizi/hundred/
New Game, 7.2,2016,https://asyafanatiklerim.com/dizi/new-game/
Shuumatsu no Izetta, 6.3,2016,https://asyafanatiklerim.com/dizi/shuumatsu-no-izetta/
Soul Buster, 5.8,2016,https://asyafanatiklerim.com/dizi/soul-buster/
Joker Game, 6.3,2016,https://asyafanatiklerim.com/dizi/joker-game/
High School Fleet, 7,2016,https://asyafanatiklerim.com/dizi/high-school-fleet/
Bungou Stray Dogs, 8,2016,https://asyafanatiklerim.com/dizi/bungou-stray-dogs/
Boku dake ga Inai Machi, 8,2016,https://asyafanatiklerim.com/dizi/boku-dake-ga-inai-machi/
The Sand Princess, 7.7,2019,https://asyafanatiklerim.com/dizi/the-sand-princess/
Woman of 9.9 Billion, 7.2,2019,https://asyafanatiklerim.com/dizi/woman-of-9-9-billion-nw1/
Drifters, 7,2016,https://asyafanatiklerim.com/dizi/drifters/
91 Days, 7.6,2016,https://asyafanatiklerim.com/dizi/91-days/
Moon Lovers: Scarlet Heart Ryeo, 9.6,2016,https://asyafanatiklerim.com/dizi/moon-lovers-scarlet-heart-ryeo-tr1/
Cheer Up 2022, 8.8,2022,https://asyafanatiklerim.com/dizi/cheer-up-2022/
Confession 2022, 8.5,2022,https://asyafanatiklerim.com/film/confession-2022/
Big Bet, 7.7,2022,https://asyafanatiklerim.com/dizi/big-bet/
Dirty Laundry, 6.6,2022,https://asyafanatiklerim.com/dizi/dirty-laundry/
The Blood of Youth, 9.2,2022,https://asyafanatiklerim.com/dizi/the-blood-of-youth/
Red Balloon, 8.6,2022,https://asyafanatiklerim.com/dizi/red-balloon/
Island, 9.4,2022,https://asyafanatiklerim.com/dizi/island/
The Glory, 9.1,2022,https://asyafanatiklerim.com/dizi/the-glory/
Gannibal, 9.1,2022,https://asyafanatiklerim.com/dizi/gannibal/
The Interest of Love, 7.8,2022,https://asyafanatiklerim.com/dizi/the-interest-of-love/
Trolley, 8.7,2022,https://asyafanatiklerim.com/dizi/trolley/
The Forbidden Marriage, 9.2,2022,https://asyafanatiklerim.com/dizi/the-forbidden-marriage-tr/
Money Heist: Korea, 9,2022,https://asyafanatiklerim.com/dizi/money-heist-korea/
Connect, 9.3,2022,https://asyafanatiklerim.com/dizi/connect/
Unlock My Boss, 8.8,2022,https://asyafanatiklerim.com/dizi/unlock-my-boss/
Summer Strike, 9.1,2022,https://asyafanatiklerim.com/dizi/summer-strike/
Reborn Rich, 8.6,2022,https://asyafanatiklerim.com/dizi/reborn-rich/
Weak Hero Class, 9.4,2022,https://asyafanatiklerim.com/dizi/weak-hero-class/
Somebody, 8.1,2022,https://asyafanatiklerim.com/dizi/somebody/
The First Responders, 9.5,2022,https://asyafanatiklerim.com/dizi/the-first-responders/
The Midnight Romance in Hagwon, 10,2024,https://asyafanatiklerim.com/dizi/the-midnight-romance-in-hagwon/
The Atypical Family, 8.2,2024,https://asyafanatiklerim.com/dizi/the-atypical-family/
Frankly Speaking, 7.4,2024,https://asyafanatiklerim.com/dizi/frankly-speaking/
Missing Crown Prince, 8.2,2024,https://asyafanatiklerim.com/dizi/missing-crown-prince/
Blood Free, 7.5,2024,https://asyafanatiklerim.com/dizi/blood-free/
Lovely Runner, 9.1,2024,https://asyafanatiklerim.com/dizi/lovely-runner/
My Happy Ending, 8.6,2023,https://asyafanatiklerim.com/dizi/my-happy-ending/
BTS Monuments: Beyond the Star, 9,2023,https://asyafanatiklerim.com/dizi/bts-monuments-beyond-the-star/
Like Flowers in Sand, 8.2,2023,https://asyafanatiklerim.com/dizi/like-flowers-in-sand/
Death’s Game, 9.2,2023,https://asyafanatiklerim.com/dizi/deaths-game/
Snap and Spark, 4,2023,https://asyafanatiklerim.com/dizi/snap-and-spark/
A Bloody Lucky Day, 8.5,2023,https://asyafanatiklerim.com/dizi/a-bloody-lucky-day/
Boyhood, 9,2023,https://asyafanatiklerim.com/dizi/boyhood/
Night Has Come, 9,2023,https://asyafanatiklerim.com/dizi/night-has-come/
The Escape of the Seven: Resurrection, 8.4,2024,https://asyafanatiklerim.com/dizi/the-escape-of-the-seven-resurrection/
Hide, 7,2024,https://asyafanatiklerim.com/dizi/hide/
Nothing Uncovered, 7.3,2024,https://asyafanatiklerim.com/dizi/nothing-uncovered/
The Midnight Studio, 8,2024,https://asyafanatiklerim.com/dizi/the-midnight-studio/
Queen of Tears, 8.6,2024,https://asyafanatiklerim.com/dizi/queen-of-tears/
Wonderful World, 8.5,2024,https://asyafanatiklerim.com/dizi/wonderful-world/
Pyramid Game, 8.7,2024,https://asyafanatiklerim.com/dizi/pyramid-game/
Grand Shining Hotel, 7,2024,https://asyafanatiklerim.com/dizi/grand-shining-hotel/
Wedding Impossible, 7.1,2024,https://asyafanatiklerim.com/dizi/wedding-impossible/
Captivating the King, 8.5,2024,https://asyafanatiklerim.com/dizi/captivating-the-king/
A Killer Paradox, 7.8,2024,https://asyafanatiklerim.com/dizi/a-killer-paradox/
Welcome to Samdalri, 8.9,2023,https://asyafanatiklerim.com/dizi/welcome-to-samdalri/
My Man Is Cupid, 8.5,2023,https://asyafanatiklerim.com/dizi/my-man-is-cupid/
Secret Playlist, 7,2023,https://asyafanatiklerim.com/dizi/secret-playlist/
Tell Me That You Love Me, 9.2,2023,https://asyafanatiklerim.com/dizi/tell-me-that-you-love-me-tr/
My Demon, 9.1,2023,https://asyafanatiklerim.com/dizi/my-demon-tr/
The Story of Park’s Marriage Contract, 8.8,2023,https://asyafanatiklerim.com/dizi/the-story-of-parks-marriage-contract/
Vigilante, 9.3,2023,https://asyafanatiklerim.com/dizi/vigilante/
Moon in the Day, 8.8,2023,https://asyafanatiklerim.com/dizi/moon-in-the-day/
The Matchmakers, 5.7,2023,https://asyafanatiklerim.com/dizi/the-matchmakers/
High Cookie, 8.1,2023,https://asyafanatiklerim.com/dizi/high-cookie/
Perfect Marriage Revenge, 7.9,2023,https://asyafanatiklerim.com/dizi/perfect-marriage-revenge/
Castaway Diva, 7.9,2023,https://asyafanatiklerim.com/dizi/castaway-diva/
Branding in Seongsu, 5.5,2024,https://asyafanatiklerim.com/dizi/branding-in-seongsu/
Queen of Divorce, 8.5,2024,https://asyafanatiklerim.com/dizi/queen-of-divorce/
Doctor Slump, 8.4,2024,https://asyafanatiklerim.com/dizi/doctor-slump/
Sunny Again Tomorrow, 8.5,2018,https://asyafanatiklerim.com/dizi/sunny-again-tomorrow/
Hana Nochi Hare, 6.9,2018,https://asyafanatiklerim.com/dizi/hana-nochi-hare/
Dragon Pilot: Hisone and Masotan, 5.5,2018,https://asyafanatiklerim.com/dizi/dragon-pilot-hisone-and-masotan/
Jao Sao Jum Yorm, 8.4,2018,https://asyafanatiklerim.com/dizi/jao-sao-jum-yorm/
Only Side by Side with You, 7.4,2018,https://asyafanatiklerim.com/dizi/only-side-by-side-with-you/
Oh My Emperor, 8.1,2018,https://asyafanatiklerim.com/dizi/oh-my-emperor/
Memories Of Love, 6.9,2018,https://asyafanatiklerim.com/dizi/memories-of-love/
Love at First Hate, 8.3,2018,https://asyafanatiklerim.com/dizi/love-at-first-hate/
Flipped, 7.7,2018,https://asyafanatiklerim.com/dizi/flipped/
Rich Man Poor Woman, 8.6,2018,https://asyafanatiklerim.com/dizi/rich-man-poor-woman-v1/
Game Sanaeha, 8.4,2018,https://asyafanatiklerim.com/dizi/game-sanaeha/
Wok of Love, 8.9,2018,https://asyafanatiklerim.com/dizi/wok-of-love-v2/
My Mister, 8.9,2018,https://asyafanatiklerim.com/dizi/my-mister/
Grand Prince, 8.5,2018,https://asyafanatiklerim.com/dizi/grand-prince-news/
Misty, 7.4,2018,https://asyafanatiklerim.com/dizi/misty-v6/
Color of Night, 7.8,2018,https://asyafanatiklerim.com/dizi/color-of-night/
Mother, 8,2018,https://asyafanatiklerim.com/dizi/mother/
Should We Kiss First, 6.6,2018,https://asyafanatiklerim.com/dizi/should-we-kiss-first/
Suits, 8.5,2018,https://asyafanatiklerim.com/dizi/suits-new/
Negotiator, 8.5,2018,https://asyafanatiklerim.com/dizi/negotiator/
The Lover, 8.2,2015,https://asyafanatiklerim.com/dizi/the-lover/
Orange Marmalade, 8.3,2015,https://asyafanatiklerim.com/dizi/orange-marmalade/
From Five To Nine, 8.7,2015,https://asyafanatiklerim.com/dizi/from-five-to-nine/
Late Night Restaurant, 7.7,2015,https://asyafanatiklerim.com/dizi/late-night-restaurant/
Dream Knight, 8.6,2015,https://asyafanatiklerim.com/dizi/dream-knight/
Kiss Me, 8.6,2015,https://asyafanatiklerim.com/dizi/kiss-me/
Moon River, 7.3,2015,https://asyafanatiklerim.com/dizi/moon-river/
My Sunshine, 7.8,2015,https://asyafanatiklerim.com/dizi/my-sunshine/
I Wanna Be Sup’tar, 7.6,2015,https://asyafanatiklerim.com/dizi/i-wanna-be-suptar/
Murphy’s Law of Love, 7.4,2015,https://asyafanatiklerim.com/dizi/murphys-law-of-love/
Dr. Mo Clinic, 7.6,2015,https://asyafanatiklerim.com/dizi/dr-mo-clinic/
Falling For Innocence, 8.7,2015,https://asyafanatiklerim.com/dizi/falling-for-innocence/
Bubblegum, 7.9,2015,https://asyafanatiklerim.com/dizi/bubblegum/
Blood, 8.9,2015,https://asyafanatiklerim.com/dizi/blood/
Angry Mom, 8.5,2015,https://asyafanatiklerim.com/dizi/angry-mom-tr/
Cheer Up, 9,2015,https://asyafanatiklerim.com/dizi/cheer-up/
She Was Pretty, 8.8,2015,https://asyafanatiklerim.com/dizi/she-was-pretty/
Kill Me Heal Me, 9.4,2015,https://asyafanatiklerim.com/dizi/kill-me-heal-me-tr1/
I am Sorry I Love You, 6.8,2015,https://asyafanatiklerim.com/dizi/i-am-sorry-i-love-you/
Love Me If You Dare, 8.7,2015,https://asyafanatiklerim.com/dizi/love-me-if-you-dare/
Marry Me or Not, 6.8,2015,https://asyafanatiklerim.com/dizi/marry-me-or-not/
Devil Lover, 7.6,2015,https://asyafanatiklerim.com/dizi/devil-lover/
Singles Villa, 6.3,2015,https://asyafanatiklerim.com/dizi/singles-villa/
Bromance, 8.2,2015,https://asyafanatiklerim.com/dizi/bromance/
Heart to Heart, 7.7,2015,https://asyafanatiklerim.com/dizi/heart-to-heart/
I’m Home, 7.1,2015,https://asyafanatiklerim.com/dizi/im-home/
Diamond Lover, 8.1,2015,https://asyafanatiklerim.com/dizi/diamond-lover-tr/
Remember War of the Son, 9.2,2015,https://asyafanatiklerim.com/dizi/remember-war-of-the-son/
Warm and Cozy, 7.6,2015,https://asyafanatiklerim.com/dizi/warm-and-cozy-tr/
Exo Next Door, 9.2,2015,https://asyafanatiklerim.com/dizi/exo-next-door/
Because It’s The First Time, 7.1,2015,https://asyafanatiklerim.com/dizi/because-its-the-first-time/
Wonderful Nightmare, 9.1,2015,https://asyafanatiklerim.com/film/wonderful-nightmare/
Hyde Jekyll Me, 8.4,2015,https://asyafanatiklerim.com/dizi/hyde-jekyll-me/
Hidden Identity, 7.3,2015,https://asyafanatiklerim.com/dizi/hidden-identity/
Second Love, 7.9,2015,https://asyafanatiklerim.com/dizi/second-love/
Cruel Romance, 7.3,2015,https://asyafanatiklerim.com/dizi/cruel-romance/
The Miracle, 8.8,2016,https://asyafanatiklerim.com/dizi/the-miracle/
W – Two Worlds, 9.2,2016,https://asyafanatiklerim.com/dizi/w-two-worlds-v5/
Just You, 7.5,2013,https://asyafanatiklerim.com/dizi/just-you/
Autumn in My Heart, 7.6,2013,https://asyafanatiklerim.com/dizi/autumn-in-my-heart/
Love Around, 7.4,2013,https://asyafanatiklerim.com/dizi/love-around/
Le Jun Kai, 7,2013,https://asyafanatiklerim.com/dizi/le-jun-kai/
7th Grade Civil Servant, 7.1,2013,https://asyafanatiklerim.com/dizi/7th-grade-civil-servant/
Nine: Time Travelling Nine Times, 8,2013,https://asyafanatiklerim.com/dizi/nine-time-travelling-nine-times/
Weightlifting Fairy Kim Bok-Joo, 9.5,2016,https://asyafanatiklerim.com/dizi/weightlifting-fairy-kim-bok-joo-new/
Age Of Youth, 8.8,2016,https://asyafanatiklerim.com/dizi/age-of-youth-v6/
Doctors, 8.7,2016,https://asyafanatiklerim.com/dizi/doctors/
Signal, 8.8,2016,https://asyafanatiklerim.com/dizi/signal/
Behind Your Smile, 8.2,2016,https://asyafanatiklerim.com/dizi/behind-your-smile/
Hot and Sweet, 7.7,2016,https://asyafanatiklerim.com/dizi/hot-and-sweet/
Jealousy Incarnate, 8.9,2016,https://asyafanatiklerim.com/dizi/jealousy-incarnate-v6/
Gu Family Book, 8.7,2013,https://asyafanatiklerim.com/dizi/gu-family-book-tr/
Summer Nude, 7.6,2013,https://asyafanatiklerim.com/dizi/summer-nude/
Akuryo Byoto, 6.5,2013,https://asyafanatiklerim.com/dizi/akuryo-byoto/
The Heirs, 9.1,2013,https://asyafanatiklerim.com/dizi/the-heirs-en8/
The Masters Sun, 9.2,2013,https://asyafanatiklerim.com/dizi/the-masters-sun/
Let’s Eat 3, 7.3,2013,https://asyafanatiklerim.com/dizi/lets-eat-3/
Empress Ki, 9.4,2013,https://asyafanatiklerim.com/dizi/empress-ki-tr/
One More Time, 8.8,2016,https://asyafanatiklerim.com/dizi/one-more-time/
After the Show Ends, 8.2,2016,https://asyafanatiklerim.com/dizi/after-the-show-ends/
"My Lawyer, Mr. Jo 2", 5.9,2016,https://asyafanatiklerim.com/dizi/my-lawyer-mr-jo-2/
One More Happy Ending, 8.5,2016,https://asyafanatiklerim.com/dizi/one-more-happy-ending/
Train to Busan, 9.2,2016,https://asyafanatiklerim.com/film/train-to-busan-izle-nw1/
Cheese in the Trap, 8.9,2016,https://asyafanatiklerim.com/dizi/cheese-in-the-trap/
Descendants of the Sun, 9.5,2016,https://asyafanatiklerim.com/dizi/descendants-of-the-sun-tur12/
Goblin, 9.6,2016,https://asyafanatiklerim.com/dizi/goblin-v3/
Life Risking Romance, 8.3,2016,https://asyafanatiklerim.com/film/life-risking-romance/
Sarayın İncisi, 8.3,2010,https://asyafanatiklerim.com/dizi/sarayin-incisi/
The Slave Hunters, 7.9,2010,https://asyafanatiklerim.com/dizi/the-slave-hunters/
Secret Garden, 8.9,2010,https://asyafanatiklerim.com/dizi/secret-garden-v5/
Pasta, 7.4,2010,https://asyafanatiklerim.com/dizi/pasta/
A Man Called God, 6.7,2010,https://asyafanatiklerim.com/dizi/a-man-called-god-tr/
P.S Man, 6.3,2010,https://asyafanatiklerim.com/dizi/p-s-man/
My Girlfriend is a Nine-Tailed Fox, 8.5,2010,https://asyafanatiklerim.com/dizi/my-girlfriend-is-a-nine-tailed-fox-nw/
Because of You, 7,2010,https://asyafanatiklerim.com/dizi/because-of-you/
Introverted Boss, 8.5,2017,https://asyafanatiklerim.com/dizi/introverted-boss/
Voice 4, 9,2017,https://asyafanatiklerim.com/dizi/voice-4/
Hyori’s Homestay, 6.5,2017,https://asyafanatiklerim.com/dizi/hyoris-homestay-tr/
Avengers Social Club, 8.8,2017,https://asyafanatiklerim.com/dizi/avengers-social-club/
Someone Noticeable, 6.9,2017,https://asyafanatiklerim.com/dizi/someone-noticeable/
Girls Generation 1979, 7.5,2017,https://asyafanatiklerim.com/dizi/girls-generation-1979/
Bir Doksan (One Ninety), 7.8,2017,https://asyafanatiklerim.com/dizi/bir-doksan-one-ninety/
I Am, 7.5,2017,https://asyafanatiklerim.com/dizi/i-am/
Final Fantasy XIV Dad of Light, 6.7,2017,https://asyafanatiklerim.com/dizi/final-fantasy-xiv-dad-of-light/
The Universe’s Star, 8.3,2017,https://asyafanatiklerim.com/dizi/the-universes-star/
Romance Full of Life, 8.1,2017,https://asyafanatiklerim.com/dizi/romance-full-of-life/
The Emperor Owner of the Mask, 8.9,2017,https://asyafanatiklerim.com/dizi/the-emperor-owner-of-the-mask/
Nothing to Lose, 8.2,2017,https://asyafanatiklerim.com/dizi/nothing-to-lose/
Money Flower, 7.9,2017,https://asyafanatiklerim.com/dizi/money-flower-tr/
Rebel: Thief Who Stole the People, 8,2017,https://asyafanatiklerim.com/dizi/rebel-thief-who-stole-the-people/
Youjo Senki, 6.7,2017,https://asyafanatiklerim.com/dizi/youjo-senki/
Eromanga Sensei, 7.6,2017,https://asyafanatiklerim.com/dizi/eromanga-sensei/
Gin no Guardian, 6.5,2017,https://asyafanatiklerim.com/dizi/gin-no-guardian/
Castlevania, 7.1,2017,https://asyafanatiklerim.com/dizi/castlevania/
Ballroom e Youkoso, 6.5,2017,https://asyafanatiklerim.com/dizi/ballroom-e-youkoso/
Romantic Doctor Teacher Kim, 9.3,2016,https://asyafanatiklerim.com/dizi/romantic-doctor-teacher-kim-v20/
Neighborhood Hero, 8.1,2016,https://asyafanatiklerim.com/dizi/neighborhood-hero/
Marriage Contract, 8.2,2016,https://asyafanatiklerim.com/dizi/marriage-contract-tr/
Lucky Romance, 8.3,2016,https://asyafanatiklerim.com/dizi/lucky-romance-v4/
Best Lover, 7.4,2016,https://asyafanatiklerim.com/dizi/best-lover/
Dramaworld, 6.5,2016,https://asyafanatiklerim.com/dizi/dramaworld/
Entourage, 6.6,2016,https://asyafanatiklerim.com/dizi/entourage/
Goodbye Mr. Black, 8.2,2016,https://asyafanatiklerim.com/dizi/goodbye-mr-black/
Uncontrollably Fond, 9.3,2016,https://asyafanatiklerim.com/dizi/uncontrollably-fond-tr1/
Entertainer, 8.1,2016,https://asyafanatiklerim.com/dizi/entertainer/
Babysitter, 6.1,2016,https://asyafanatiklerim.com/dizi/babysitter/
Jackpot, 7.4,2016,https://asyafanatiklerim.com/dizi/jackpot/
Bong Soon a Cyborg In Love, 6.6,2016,https://asyafanatiklerim.com/dizi/bong-soon-a-cyborg-in-love/
38 Task Force, 8.3,2016,https://asyafanatiklerim.com/dizi/38-task-force/
Mirror of the Witch, 7.8,2016,https://asyafanatiklerim.com/dizi/mirror-of-the-witch-v4/
Wanted, 7,2016,https://asyafanatiklerim.com/dizi/wanted/
Cinderella and Four Knights, 8.9,2016,https://asyafanatiklerim.com/dizi/cinderella-and-four-knights/
The K2, 9.4,2016,https://asyafanatiklerim.com/dizi/the-k2/
Lets Fight Ghost, 8.9,2016,https://asyafanatiklerim.com/dizi/lets-fight-ghost/
Something About 1 Percent, 8.9,2016,https://asyafanatiklerim.com/dizi/something-about-1-percent-v2/
On the Way to the Airport, 7.7,2016,https://asyafanatiklerim.com/dizi/on-the-way-to-the-airport/
Moonlight Drawn by Clouds, 9.4,2016,https://asyafanatiklerim.com/dizi/moonlight-drawn-by-clouds-tr1/
Page Turner, 8.4,2016,https://asyafanatiklerim.com/dizi/page-turner/
Beautiful Mind, 8.4,2016,https://asyafanatiklerim.com/dizi/beautiful-mind/
Beautiful Gong Shim, 8.5,2016,https://asyafanatiklerim.com/dizi/beautiful-gong-shim/
Fantastic, 7.5,2016,https://asyafanatiklerim.com/dizi/fantastic-news/
The Legend of the Blue Sea, 9.5,2016,https://asyafanatiklerim.com/dizi/the-legend-of-the-blue-sea-v2/
Promise of Migratory Birds, 6.8,2016,https://asyafanatiklerim.com/dizi/promise-of-migratory-birds-tr/
Madame Antoine, 7.9,2016,https://asyafanatiklerim.com/dizi/madame-antoine-v4/
Boku no Yabai Tsuma, 7,2016,https://asyafanatiklerim.com/dizi/boku-no-yabai-tsuma/
Sweet Stranger and Me, 8.6,2016,https://asyafanatiklerim.com/dizi/sweet-stranger-and-me/
The Good Wife, 6.8,2016,https://asyafanatiklerim.com/dizi/the-good-wife/
Night Light, 6.3,2016,https://asyafanatiklerim.com/dizi/night-light-tr/
Shopping King Louie, 8.7,2016,https://asyafanatiklerim.com/dizi/shopping-king-louie/
Baek-Hee Has Returned, 6.7,2016,https://asyafanatiklerim.com/dizi/baek-hee-has-returned/
Pied Piper, 7.8,2016,https://asyafanatiklerim.com/dizi/pied-piper/
The Sound of Your Heart, 7.3,2016,https://asyafanatiklerim.com/dizi/the-sound-of-your-heart/
Hwarang, 9.5,2016,https://asyafanatiklerim.com/dizi/hwarang/
Another Miss Oh, 8.4,2016,https://asyafanatiklerim.com/dizi/another-miss-oh/
Memory, 6.4,2016,https://asyafanatiklerim.com/dizi/memory-tr/
Miss in Kiss, 7.4,2016,https://asyafanatiklerim.com/dizi/miss-in-kiss/
Stay With Me, 7.2,2016,https://asyafanatiklerim.com/dizi/stay-with-me/
Memory Lost, 8.5,2016,https://asyafanatiklerim.com/dizi/memory-lost/
My Little Princess, 8,2016,https://asyafanatiklerim.com/dizi/my-little-princess/
Love O2O, 9.2,2016,https://asyafanatiklerim.com/dizi/love-o2o/
Back to 1989, 7.5,2016,https://asyafanatiklerim.com/dizi/back-to-1989/
Kiss the Series, 7.3,2016,https://asyafanatiklerim.com/dizi/kiss-the-series/
Proud of Love, 6.7,2016,https://asyafanatiklerim.com/dizi/proud-of-love/
Prince of Wolf, 8.3,2016,https://asyafanatiklerim.com/dizi/prince-of-wolf/
Oh My Geum Bi, 6.5,2016,https://asyafanatiklerim.com/dizi/oh-my-geum-bi/
I Will Touch You, 7.9,2016,https://asyafanatiklerim.com/dizi/i-will-touch-you/
Jang Yeong Sil, 7.9,2016,https://asyafanatiklerim.com/dizi/jang-yeong-sil/
My Little Baby, 6.9,2016,https://asyafanatiklerim.com/dizi/my-little-baby/
Ms. Temper and Nam Jung Gi, 6.5,2016,https://asyafanatiklerim.com/dizi/ms-temper-and-nam-jung-gi/
My Wife’s Having an Affair this Week, 6.5,2016,https://asyafanatiklerim.com/dizi/my-wifes-having-an-affair-this-week-new/
Master God of Noodles, 6.9,2016,https://asyafanatiklerim.com/dizi/master-god-of-noodles/
Woman With a Suitcase, 7,2016,https://asyafanatiklerim.com/dizi/woman-with-a-suitcase-tr/
Far Away Love, 8.3,2016,https://asyafanatiklerim.com/dizi/far-away-love/
Vampire Detective, 8.8,2016,https://asyafanatiklerim.com/dizi/vampire-detective/
Moorim School, 9.1,2016,https://asyafanatiklerim.com/dizi/moorim-school/
All of Us Are Dead, 9.3,2022,https://asyafanatiklerim.com/dizi/all-of-us-are-dead/
Rookie Cops, 9.1,2022,https://asyafanatiklerim.com/dizi/rookie-cops/
Through the Darkness, 9.2,2022,https://asyafanatiklerim.com/dizi/through-the-darkness/
Tracer, 8.6,2022,https://asyafanatiklerim.com/dizi/tracer-tr1/
Bloody Heart, 8.8,2022,https://asyafanatiklerim.com/dizi/bloody-heart/
Monstrous, 8.2,2022,https://asyafanatiklerim.com/dizi/monstrous/
The Killer’s Shopping List, 8.6,2022,https://asyafanatiklerim.com/dizi/the-killers-shopping-list/
Shooting Stars, 9.4,2022,https://asyafanatiklerim.com/dizi/shooting-stars/
Love All Play, 9.3,2022,https://asyafanatiklerim.com/dizi/love-all-play/
My Liberation Notes, 9,2022,https://asyafanatiklerim.com/dizi/my-liberation-notes-tr1/
Our Blues, 9,2022,https://asyafanatiklerim.com/dizi/our-blues/
Again My Life, 9.4,2022,https://asyafanatiklerim.com/dizi/again-my-life/
Tomorrow, 9.5,2022,https://asyafanatiklerim.com/dizi/tomorrow/
Pachinko, 9,2022,https://asyafanatiklerim.com/dizi/pachinko/
Soundtrack #1, 9,2022,https://asyafanatiklerim.com/dizi/soundtrack-1/
Kill Heel, 7.6,2022,https://asyafanatiklerim.com/dizi/kill-heel/
Crazy Love, 9,2022,https://asyafanatiklerim.com/dizi/crazy-love/
Military Prosecutor Doberman, 9.3,2022,https://asyafanatiklerim.com/dizi/military-prosecutor-doberman/
A Business Proposal, 9.4,2022,https://asyafanatiklerim.com/dizi/a-business-proposal-tr/
Goodbye to Goodbye, 8.5,2018,https://asyafanatiklerim.com/dizi/goodbye-to-goodbye-tr1/
What a Man Wants, 8,2018,https://asyafanatiklerim.com/film/what-a-man-wants/
Sketch, 7.8,2018,https://asyafanatiklerim.com/dizi/sketch-new/
Denei Shojo: Video Girl Ai, 7.5,2018,https://asyafanatiklerim.com/dizi/denei-shojo-video-girl-ai/
Mistress, 6.8,2018,https://asyafanatiklerim.com/dizi/mistress/
When We Were Young, 8.2,2018,https://asyafanatiklerim.com/dizi/when-we-were-young/
Smile, 8.8,2018,https://asyafanatiklerim.com/dizi/smile/
Last Child, 8.3,2018,https://asyafanatiklerim.com/film/last-child/
Stand by Me, 8.6,2018,https://asyafanatiklerim.com/film/stand-by-me/
Ghost Doctor, 9.4,2022,https://asyafanatiklerim.com/dizi/ghost-doctor/
Thirty-Nine, 8.8,2022,https://asyafanatiklerim.com/dizi/thirty-nine/
Grid, 9.4,2022,https://asyafanatiklerim.com/dizi/grid/
Semantic Error, 8.4,2022,https://asyafanatiklerim.com/dizi/semantic-error/
Forecasting Love and Weather, 8.8,2022,https://asyafanatiklerim.com/dizi/forecasting-love-and-weather/
Twenty-Five Twenty-One, 9.3,2022,https://asyafanatiklerim.com/dizi/twenty-five-twenty-one-tr/
About Time, 8.4,2018,https://asyafanatiklerim.com/dizi/about-time/
The Great Seducer, 8.9,2018,https://asyafanatiklerim.com/dizi/the-great-seducer/
Grass, 7,2018,https://asyafanatiklerim.com/film/grass/
Along with the Gods: The Last 49 Days, 9.4,2018,https://asyafanatiklerim.com/film/along-with-the-gods-the-last-49-days-nw/
Why Secretary Kim, 9.3,2018,https://asyafanatiklerim.com/dizi/why-secretary-kim/
Eulachacha Waikiki, 9.3,2018,https://asyafanatiklerim.com/dizi/eulachacha-waikiki-nw/
Life on Mars, 9.1,2018,https://asyafanatiklerim.com/dizi/life-on-mars/
Sunset in My Hometown, 9.3,2018,https://asyafanatiklerim.com/film/sunset-in-my-hometown/
Are You Human Too, 9.2,2018,https://asyafanatiklerim.com/dizi/are-you-human-too/
Microhabitat, 8.2,2018,https://asyafanatiklerim.com/film/microhabitat/
Our Body, 6.2,2018,https://asyafanatiklerim.com/film/our-body/
The Real Has Come, 8.7,2023,https://asyafanatiklerim.com/dizi/the-real-has-come/
The Secret Romantic Guesthouse, 9.1,2023,https://asyafanatiklerim.com/dizi/the-secret-romantic-guesthouse-tr/
New Vanity Fair, 7.7,2023,https://asyafanatiklerim.com/dizi/new-vanity-fair/
Evilive, 8.7,2023,https://asyafanatiklerim.com/dizi/evilive/
A Good Day to Be a Dog, 7.9,2023,https://asyafanatiklerim.com/dizi/a-good-day-to-be-a-dog/
Strong Girl Nam Soon, 8.6,2023,https://asyafanatiklerim.com/dizi/strong-girl-nam-soon-new/
The Perfect Deal, 8.9,2023,https://asyafanatiklerim.com/dizi/the-perfect-deal/
The Worst of Evil, 9.2,2023,https://asyafanatiklerim.com/dizi/the-worst-of-evil/
Twinkling Watermelon, 9.1,2023,https://asyafanatiklerim.com/dizi/twinkling-watermelon/
Numbers, 8.9,2023,https://asyafanatiklerim.com/dizi/numbers/
Revenant, 9.2,2023,https://asyafanatiklerim.com/dizi/revenant/
Lies Hidden in My Garden, 8.5,2023,https://asyafanatiklerim.com/dizi/lies-hidden-in-my-garden/
King the Land, 9.1,2023,https://asyafanatiklerim.com/dizi/king-the-land/
See You in My 19th Life, 9,2023,https://asyafanatiklerim.com/dizi/see-you-in-my-19th-life/
Happiness Battle, 8,2023,https://asyafanatiklerim.com/dizi/happiness-battle/
Bitch X Rich, 8.6,2023,https://asyafanatiklerim.com/dizi/bitch-x-rich/
Delightfully Deceitful, 8.9,2023,https://asyafanatiklerim.com/dizi/delightfully-deceitful/
Warm on a Cold Night, 6.7,2023,https://asyafanatiklerim.com/dizi/warm-on-a-cold-night/
Pandora: Beneath the Paradise, 8.2,2023,https://asyafanatiklerim.com/dizi/pandora-beneath-the-paradise/
No Math School Trip, 9.2,2023,https://asyafanatiklerim.com/dizi/no-math-school-trip/
Oasis, 9,2023,https://asyafanatiklerim.com/dizi/oasis/
Divorce Attorney Shin, 8.5,2023,https://asyafanatiklerim.com/dizi/divorce-attorney-shin/
Delivery Man, 8.4,2023,https://asyafanatiklerim.com/dizi/delivery-man/
Jinny’s Kitchen, 8.9,2023,https://asyafanatiklerim.com/dizi/jinnys-kitchen/
Call It Love, 9,2023,https://asyafanatiklerim.com/dizi/call-it-love-tr/
Love to Hate You, 9,2023,https://asyafanatiklerim.com/dizi/love-to-hate-you/
The Heavenly Idol, 8.9,2023,https://asyafanatiklerim.com/dizi/the-heavenly-idol/
Our Blooming Youth, 9.2,2023,https://asyafanatiklerim.com/dizi/our-blooming-youth/
Kokdu: Season of Deity, 8.7,2023,https://asyafanatiklerim.com/dizi/kokdu-season-of-deity/
Can We Be Strangers, 8.3,2023,https://asyafanatiklerim.com/dizi/can-we-be-strangers-news/
Boss-dol Mart, 9,2023,https://asyafanatiklerim.com/dizi/boss-dol-mart/
7 Escape: War for Survival, 8.7,2023,https://asyafanatiklerim.com/dizi/7-escape-war-for-survival/
Han River Police, 8.1,2023,https://asyafanatiklerim.com/dizi/han-river-police/
Day of Kidnapping, 9.3,2023,https://asyafanatiklerim.com/dizi/day-of-kidnapping/
Destined With You, 9,2023,https://asyafanatiklerim.com/dizi/destined-with-you/
My Lovely Boxer, 8.5,2023,https://asyafanatiklerim.com/dizi/my-lovely-boxer/
Behind Your Touch, 8.6,2023,https://asyafanatiklerim.com/dizi/behind-your-touch/
The Killing Vote, 9.3,2023,https://asyafanatiklerim.com/dizi/the-killing-vote/
My Dearest, 9.5,2023,https://asyafanatiklerim.com/dizi/my-dearest/
My Lovely Liar, 8.9,2023,https://asyafanatiklerim.com/dizi/my-lovely-liar-tr1/
Longing for You, 8.5,2023,https://asyafanatiklerim.com/dizi/longing-for-you/
Not Others, 8.4,2023,https://asyafanatiklerim.com/dizi/not-others/
The Miracle Brothers, 8.7,2023,https://asyafanatiklerim.com/dizi/the-miracle-brothers-tr/
Heartbeat, 8.9,2023,https://asyafanatiklerim.com/dizi/heartbeat/
Tale of the Nine-Tailed 1938, 9.3,2023,https://asyafanatiklerim.com/dizi/tale-of-the-nine-tailed-1938/
All That We Loved, 8,2023,https://asyafanatiklerim.com/dizi/all-that-we-loved/
My Perfect Stranger, 9.1,2023,https://asyafanatiklerim.com/dizi/my-perfect-stranger/
The Good Bad Mother, 9.6,2023,https://asyafanatiklerim.com/dizi/the-good-bad-mother/
Pale Moon, 7.7,2023,https://asyafanatiklerim.com/dizi/pale-moon/
Queen of the Mask, 7.8,2023,https://asyafanatiklerim.com/dizi/queen-of-the-mask/
Family: The Unbreakable Bond, 8.9,2023,https://asyafanatiklerim.com/dizi/family-the-unbreakable-bond/
Crash Course in Romance, 9,2023,https://asyafanatiklerim.com/dizi/crash-course-in-romance/
Payback, 7.8,2023,https://asyafanatiklerim.com/dizi/payback/
Brain Cooperation, 9,2023,https://asyafanatiklerim.com/dizi/brain-cooperation/
Doctor Cha, 9.2,2023,https://asyafanatiklerim.com/dizi/doctor-cha/
Stealer: The Treasure Keeper, 9,2023,https://asyafanatiklerim.com/dizi/stealer-the-treasure-keeper/
Bo Ra! Deborah, 9.1,2023,https://asyafanatiklerim.com/dizi/bo-ra-deborah/
Joseon Attorney: A Morality, 8.5,2023,https://asyafanatiklerim.com/dizi/joseon-attorney-a-morality/
Duty After School, 9,2023,https://asyafanatiklerim.com/dizi/duty-after-school/
BTS In The Soop, 9.5,2020,https://asyafanatiklerim.com/dizi/bts-in-the-soop/
Goedam, 7.4,2020,https://asyafanatiklerim.com/dizi/goedam/
Handmade Love, 8.5,2020,https://asyafanatiklerim.com/dizi/handmade-love/
SF8, 6.9,2020,https://asyafanatiklerim.com/dizi/sf8/
Lovestruck in the City, 8.9,2020,https://asyafanatiklerim.com/dizi/lovestruck-in-the-city/
Secret Royal Inspector, 9,2020,https://asyafanatiklerim.com/dizi/secret-royal-inspector/
Sweet Home, 9.5,2020,https://asyafanatiklerim.com/dizi/sweet-home/
Run On, 9.3,2020,https://asyafanatiklerim.com/dizi/run-on-v14/
Mr. Queen, 9.5,2020,https://asyafanatiklerim.com/dizi/mr-queen-v1/
Hush, 8,2020,https://asyafanatiklerim.com/dizi/hush-tr/
True Beauty, 9.4,2020,https://asyafanatiklerim.com/dizi/true-beauty-v1/
Cheat on Me If You Can, 8.4,2020,https://asyafanatiklerim.com/dizi/cheat-on-me-if-you-can-tr/
Awaken, 9.1,2020,https://asyafanatiklerim.com/dizi/awaken-tr/
The Uncanny Counter, 9.5,2020,https://asyafanatiklerim.com/dizi/the-uncanny-counter/
The Goddess of Revenge, 8.3,2020,https://asyafanatiklerim.com/dizi/the-goddess-of-revenge-tur3/
Live On, 9.2,2020,https://asyafanatiklerim.com/dizi/live-on-news/
Please Don’t Date Him, 9,2020,https://asyafanatiklerim.com/dizi/please-dont-date-him-v4/
Delayed Justice, 7.6,2020,https://asyafanatiklerim.com/dizi/delayed-justice/
The Penthouse, 8.7,2020,https://asyafanatiklerim.com/dizi/the-penthouse-v16/
Kairos, 9,2020,https://asyafanatiklerim.com/dizi/kairos-tur3/
"Work Later, Drink Now", 8,2021,https://asyafanatiklerim.com/dizi/work-later-drink-now/
The One and Only, 8.8,2021,https://asyafanatiklerim.com/dizi/the-one-and-only/
Must You Go?, 7.3,2021,https://asyafanatiklerim.com/dizi/must-you-go/
The Silent Sea, 8.9,2021,https://asyafanatiklerim.com/dizi/the-silent-sea/
Moonshine, 8.6,2021,https://asyafanatiklerim.com/dizi/moonshine-new/
Flex X Cop, 9.1,2024,https://asyafanatiklerim.com/dizi/flex-x-cop/
A Shop for Killers, 9.4,2024,https://asyafanatiklerim.com/dizi/a-shop-for-killers/
Knight Flower, 8.7,2024,https://asyafanatiklerim.com/dizi/knight-flower/
Marry My Husband, 9.1,2024,https://asyafanatiklerim.com/dizi/marry-my-husband/
Snowdrop, 9.4,2021,https://asyafanatiklerim.com/dizi/snowdrop/
Bulgasal: Immortal Souls, 9.2,2021,https://asyafanatiklerim.com/dizi/bulgasal-immortal-souls/
Bad and Crazy, 9.5,2021,https://asyafanatiklerim.com/dizi/bad-and-crazy/
"The King of Tears, Lee Bang Won", 8.4,2021,https://asyafanatiklerim.com/dizi/the-king-of-tears-lee-bang-won-tr/
Our Beloved Summer, 9.2,2021,https://asyafanatiklerim.com/dizi/our-beloved-summer/
Hellbound, 8.2,2021,https://asyafanatiklerim.com/dizi/hellbound/
One Ordinary Day, 8.9,2021,https://asyafanatiklerim.com/dizi/one-ordinary-day/
School 2021, 8.7,2021,https://asyafanatiklerim.com/dizi/school-2021-new/
Red Sleeve, 9.1,2021,https://asyafanatiklerim.com/dizi/red-sleeve-tr/
"Now, We Are Breaking Up", 8.5,2021,https://asyafanatiklerim.com/dizi/now-we-are-breaking-up/
Melancholia, 8.6,2021,https://asyafanatiklerim.com/dizi/melancholia/
Secret Royal Inspector Joy, 8.8,2021,https://asyafanatiklerim.com/dizi/secret-royal-inspector-joy/
Let Me Be Your Knight, 8.8,2021,https://asyafanatiklerim.com/dizi/let-me-be-your-knight-news/
Happiness, 9.5,2021,https://asyafanatiklerim.com/dizi/happiness/
Would You Like a Cup of Coffee?, 8.1,2021,https://asyafanatiklerim.com/dizi/would-you-like-a-cup-of-coffee/
If You Wish Upon Me, 9.3,2022,https://asyafanatiklerim.com/dizi/if-you-wish-upon-me/
"Poong, the Joseon Psychiatrist", 8.8,2022,https://asyafanatiklerim.com/dizi/poong-the-joseon-psychiatrist/
Today’s Webtoon, 9.2,2022,https://asyafanatiklerim.com/dizi/todays-webtoon-tr/
Big Mouth, 9.5,2022,https://asyafanatiklerim.com/dizi/big-mouth-tr/
Adamas, 9.2,2022,https://asyafanatiklerim.com/dizi/adamas/
Mimicus, 8.6,2022,https://asyafanatiklerim.com/dizi/mimicus/
Dear.M, 8.3,2022,https://asyafanatiklerim.com/dizi/dear-m-tr/
Revenge of Others, 9.2,2022,https://asyafanatiklerim.com/dizi/revenge-of-others/
Behind Every Star, 6.2,2022,https://asyafanatiklerim.com/dizi/behind-every-star/
Bargain, 7.8,2022,https://asyafanatiklerim.com/dizi/bargain/
Curtain Call, 8.4,2022,https://asyafanatiklerim.com/dizi/curtain-call/
May I Help You, 9,2022,https://asyafanatiklerim.com/dizi/may-i-help-you/
The Queen’s Umbrella, 8.9,2022,https://asyafanatiklerim.com/dizi/the-queens-umbrella/
Silent, 8.4,2022,https://asyafanatiklerim.com/dizi/silent/
Glitch, 7.1,2022,https://asyafanatiklerim.com/dizi/glitch/
ACCA: 13-ku Kansatsu-ka, 7.3,2017,https://asyafanatiklerim.com/dizi/acca-13-ku-kansatsu-ka/
Father is Strange, 9,2017,https://asyafanatiklerim.com/dizi/father-is-strange-tr/
Suspicious Partner, 9.3,2017,https://asyafanatiklerim.com/dizi/suspicious-partner-news/
Because This Is My First Life, 9,2017,https://asyafanatiklerim.com/dizi/because-this-is-my-first-life/
Criminal Minds, 9,2017,https://asyafanatiklerim.com/dizi/criminal-minds-tr/
Reunited Worlds, 8.3,2017,https://asyafanatiklerim.com/dizi/reunited-worlds/
The Package, 8.2,2017,https://asyafanatiklerim.com/dizi/the-package/
The King Loves, 8.5,2017,https://asyafanatiklerim.com/dizi/the-king-loves-v1/
Andante, 8.7,2017,https://asyafanatiklerim.com/dizi/andante/
Café Minamdang, 9.2,2022,https://asyafanatiklerim.com/dizi/cafe-minamdang/
Anna, 7.9,2022,https://asyafanatiklerim.com/dizi/anna/
Alchemy of Souls, 9.6,2022,https://asyafanatiklerim.com/dizi/alchemy-of-souls/
Jinxed At First, 8.7,2022,https://asyafanatiklerim.com/dizi/jinxed-at-first-tr1/
Cleaning Up, 8.1,2022,https://asyafanatiklerim.com/dizi/cleaning-up/
Insider, 9.1,2022,https://asyafanatiklerim.com/dizi/insider-new/
"Link: Eat, Love, Die", 9.1,2022,https://asyafanatiklerim.com/dizi/link-eat-love-die/
Why Her?, 9.4,2022,https://asyafanatiklerim.com/dizi/why-her/
Doctor Lawyer, 9.1,2022,https://asyafanatiklerim.com/dizi/doctor-lawyer-tr1/
Eve, 9.2,2022,https://asyafanatiklerim.com/dizi/eve-tr/
Kiss Sixth Sense, 9.4,2022,https://asyafanatiklerim.com/dizi/kiss-sixth-sense/
Welcome to Wedding Hell, 8.1,2022,https://asyafanatiklerim.com/dizi/welcome-to-wedding-hell/
Woori The Virgin, 7.6,2022,https://asyafanatiklerim.com/dizi/woori-the-virgin/
Love Is for Suckers, 8.6,2022,https://asyafanatiklerim.com/dizi/love-is-for-suckers/
Bad Prosecutor, 9.3,2022,https://asyafanatiklerim.com/dizi/bad-prosecutor/
Love in Contract, 8.5,2022,https://asyafanatiklerim.com/dizi/love-in-contract/
One Dollar Lawyer, 9.1,2022,https://asyafanatiklerim.com/dizi/one-dollar-lawyer/
The Golden Spoon, 8.5,2022,https://asyafanatiklerim.com/dizi/the-golden-spoon-tr/
May It Please The Court, 8,2022,https://asyafanatiklerim.com/dizi/may-it-please-the-court/
Seasons of Blossom, 8.7,2022,https://asyafanatiklerim.com/dizi/seasons-of-blossom/
Blind, 9.4,2022,https://asyafanatiklerim.com/dizi/blind/
Once Upon a Small Town, 8.5,2022,https://asyafanatiklerim.com/dizi/once-upon-a-small-town/
The Law Cafe, 9.2,2022,https://asyafanatiklerim.com/dizi/the-law-cafe-tr/
Little Women, 9,2022,https://asyafanatiklerim.com/dizi/little-women/
Unicorn, 7.4,2022,https://asyafanatiklerim.com/dizi/unicorn/
A Korean Odyssey, 9.2,2017,https://asyafanatiklerim.com/dizi/a-korean-odyssey/
Pretty Li Hui Zhen, 7.5,2017,https://asyafanatiklerim.com/dizi/pretty-li-hui-zhen/
My Mr. Mermaid, 8.4,2017,https://asyafanatiklerim.com/dizi/my-mr-mermaid/
Hospital Ship, 7.9,2017,https://asyafanatiklerim.com/dizi/hospital-ship-tr/
Master Devil Do Not Kiss Me, 8.5,2017,https://asyafanatiklerim.com/dizi/master-devil-do-not-kiss-me/
The Big Boss, 8.4,2017,https://asyafanatiklerim.com/dizi/the-big-boss/
Love Timeless, 6.8,2017,https://asyafanatiklerim.com/dizi/love-timeless/
Kleun Cheewit, 8.6,2017,https://asyafanatiklerim.com/dizi/kleun-cheewit/
King is Not Easy, 7.7,2017,https://asyafanatiklerim.com/dizi/king-is-not-easy-tr/
Game Maya, 7.8,2017,https://asyafanatiklerim.com/dizi/game-maya/
Rakshasa Street, 7.6,2017,https://asyafanatiklerim.com/dizi/rakshasa-street/
The Spies Who Loved Me, 8.4,2020,https://asyafanatiklerim.com/dizi/the-spies-who-loved-me-en19/
The Search, 9.1,2020,https://asyafanatiklerim.com/dizi/the-search/
Start-Up, 9,2020,https://asyafanatiklerim.com/dizi/start-up/
Hi Bye Mama, 9,2020,https://asyafanatiklerim.com/dizi/hi-bye-mama/
Hyena, 7.6,2020,https://asyafanatiklerim.com/dizi/hyena/
My Holo Love, 9.2,2020,https://asyafanatiklerim.com/dizi/my-holo-love/
Train, 9.3,2020,https://asyafanatiklerim.com/dizi/train/
Graceful Friends, 7.8,2020,https://asyafanatiklerim.com/dizi/graceful-friends-tur4/
Was It Love?, 8.5,2020,https://asyafanatiklerim.com/dizi/was-it-love-v6/
The Good Detective, 8.8,2020,https://asyafanatiklerim.com/dizi/the-good-detective-v12/
Men are Men, 7.9,2020,https://asyafanatiklerim.com/dizi/men-are-men-tr1/
Good Casting, 9,2020,https://asyafanatiklerim.com/dizi/good-casting/
When My Love Blooms, 8.9,2020,https://asyafanatiklerim.com/dizi/when-my-love-blooms-v1/
Skate Into Love, 8.9,2020,https://asyafanatiklerim.com/dizi/skate-into-love/
Eternal Love of Dream, 8.7,2020,https://asyafanatiklerim.com/dizi/eternal-love-of-dream/
Born Again, 8.9,2020,https://asyafanatiklerim.com/dizi/born-again-v9/
The King: Eternal Monarch, 9.5,2020,https://asyafanatiklerim.com/dizi/the-king-eternal-monarch-tr/
How to Buy a Friend, 8.2,2020,https://asyafanatiklerim.com/dizi/how-to-buy-a-friend-tr/
Accidental Family, 6.9,2020,https://asyafanatiklerim.com/dizi/accidental-family/
Rugal, 9,2020,https://asyafanatiklerim.com/dizi/rugal/
The World of the Married, 8.7,2020,https://asyafanatiklerim.com/dizi/the-world-of-the-married-tur1/
Eccentric! Chef Moon, 8.2,2020,https://asyafanatiklerim.com/dizi/eccentric-chef-moon-v2/
Welcome, 8.8,2020,https://asyafanatiklerim.com/dizi/welcome-tr/
Tale of the Nine Tailed, 9.5,2020,https://asyafanatiklerim.com/dizi/tale-of-the-nine-tailed-v13/
Private Lives, 8.7,2020,https://asyafanatiklerim.com/dizi/private-lives-en9/
Do Do Sol Sol La La Sol, 9.1,2020,https://asyafanatiklerim.com/dizi/do-do-sol-sol-la-la-sol-v5/
My Dangerous Wife, 8.3,2020,https://asyafanatiklerim.com/dizi/my-dangerous-wife-v26/
The School Nurse Files, 7.4,2020,https://asyafanatiklerim.com/dizi/the-school-nurse-files/
More Than Friends, 8.9,2020,https://asyafanatiklerim.com/dizi/more-than-friends-v49/
Zombie Detective, 9.3,2020,https://asyafanatiklerim.com/dizi/zombie-detective-news/
18 Again, 9.1,2020,https://asyafanatiklerim.com/dizi/18-again-tur8/
Record of Youth, 8.9,2020,https://asyafanatiklerim.com/dizi/record-of-youth/
Lies Of Lies, 8.5,2020,https://asyafanatiklerim.com/dizi/lies-of-lies-tr/
Do You Like Brahms?, 9.1,2020,https://asyafanatiklerim.com/dizi/do-you-like-brahms-v1/
Missing: The Other Side, 9.2,2020,https://asyafanatiklerim.com/dizi/missing-the-other-side/
Alice, 9.1,2020,https://asyafanatiklerim.com/dizi/alice/
The Cursed, 7.6,2020,https://asyafanatiklerim.com/dizi/the-cursed/
Tell Me What You Saw, 9,2020,https://asyafanatiklerim.com/dizi/tell-me-what-you-saw/
Itaewon Class, 9.4,2020,https://asyafanatiklerim.com/dizi/itaewon-class-tur1/
Forest, 9,2020,https://asyafanatiklerim.com/dizi/forest-tr/
How Are You Bread, 8.3,2020,https://asyafanatiklerim.com/dizi/how-are-you-bread/
XX (Blue Moon), 8.6,2020,https://asyafanatiklerim.com/dizi/xx-blue-moon/
The Game: Towards Zero, 9.2,2020,https://asyafanatiklerim.com/dizi/the-game-towards-zero-en2/
Fairyland Lovers, 8.1,2020,https://asyafanatiklerim.com/dizi/fairyland-lovers/
Memorials, 8.3,2020,https://asyafanatiklerim.com/dizi/memorials-tur9/
It’s Okay to Not Be Okay, 9.5,2020,https://asyafanatiklerim.com/dizi/its-okay-to-not-be-okay-tr/
Backstreet Rookie, 9.3,2020,https://asyafanatiklerim.com/dizi/backstreet-rookie-tr/
My Unfamiliar Family, 7.9,2020,https://asyafanatiklerim.com/dizi/my-unfamiliar-family-v2/
Sweet Munchies, 8.3,2020,https://asyafanatiklerim.com/dizi/sweet-munchies-v6/
Dinner Mate, 8.9,2020,https://asyafanatiklerim.com/dizi/dinner-mate-en39/
Team Bulldog: Off-duty Investigation, 8.6,2020,https://asyafanatiklerim.com/dizi/team-bulldog-off-duty-investigation-nw1/
Mystic Pop-Up Bar, 9.1,2020,https://asyafanatiklerim.com/dizi/mystic-pop-up-bar-news/
Old School Intern, 8.3,2020,https://asyafanatiklerim.com/dizi/old-school-intern-en36/
King Maker: The Change of Destiny, 8.5,2020,https://asyafanatiklerim.com/dizi/king-maker-the-change-of-destiny/
Oh My Baby, 8.8,2020,https://asyafanatiklerim.com/dizi/oh-my-baby-nw1/
Extracurricular, 9.2,2020,https://asyafanatiklerim.com/dizi/extracurricular/
Soul Mechanic, 8.1,2020,https://asyafanatiklerim.com/dizi/soul-mechanic-v12/
365: Repeat The Year, 9.1,2020,https://asyafanatiklerim.com/dizi/365-repeat-the-year-news/
A Piece Of Your Mind, 9.2,2020,https://asyafanatiklerim.com/dizi/a-piece-of-your-mind-nw1/
Find Me in Your Memory, 8.9,2020,https://asyafanatiklerim.com/dizi/find-me-in-your-memory-en4/
Hospital Playlist, 9.3,2020,https://asyafanatiklerim.com/dizi/hospital-playlist-tr/
Memorist, 9.5,2020,https://asyafanatiklerim.com/dizi/memorist-v1/
Nobody Knows, 7.8,2020,https://asyafanatiklerim.com/dizi/nobody-knows-tr1/
Our Nineteen, 8.3,2020,https://asyafanatiklerim.com/dizi/our-nineteen/
When the Weather is Fine, 9.2,2020,https://asyafanatiklerim.com/dizi/when-the-weather-is-fine-v23/
When I Was Most Beautiful, 8.3,2020,https://asyafanatiklerim.com/dizi/when-i-was-most-beautiful-v9/
Lonely Enough to Love, 8.8,2020,https://asyafanatiklerim.com/dizi/lonely-enough-to-love-tr1/
Flower of Evil, 9.6,2020,https://asyafanatiklerim.com/dizi/flower-of-evil-v2/
Chip In, 8,2020,https://asyafanatiklerim.com/dizi/chip-in-en29/
Money Game, 6.5,2020,https://asyafanatiklerim.com/dizi/money-game/
Touch, 8.4,2020,https://asyafanatiklerim.com/dizi/touch/
Girlfriend, 8.7,2020,https://asyafanatiklerim.com/dizi/girlfriend/
The Love Equations, 8.9,2020,https://asyafanatiklerim.com/dizi/the-love-equations/
Marriage Not Dating, 8.1,2014,https://asyafanatiklerim.com/dizi/marriage-not-dating/
It’s Okay That’s Love, 8.8,2014,https://asyafanatiklerim.com/dizi/its-okay-thats-love/
Modern Farmer, 8.1,2014,https://asyafanatiklerim.com/dizi/modern-farmer/
Naeil’s Cantabile, 6.9,2014,https://asyafanatiklerim.com/dizi/naeils-cantabile/
Imitation, 9.3,2021,https://asyafanatiklerim.com/dizi/imitation-tr/
Youth of May, 9.4,2021,https://asyafanatiklerim.com/dizi/youth-of-may-nw/
Bossam: Steal the Fate, 9.1,2021,https://asyafanatiklerim.com/dizi/bossam-steal-the-fate-v18/
Mouse: The Predator, 9.1,2021,https://asyafanatiklerim.com/dizi/mouse-the-predator/
Dark Hole, 8.7,2021,https://asyafanatiklerim.com/dizi/dark-hole/
So I Married an Anti-Fan, 9.2,2021,https://asyafanatiklerim.com/dizi/so-i-married-an-anti-fan-v5/
Undercover, 8.7,2021,https://asyafanatiklerim.com/dizi/undercover-v7/
Liar Game, 7.5,2014,https://asyafanatiklerim.com/dizi/liar-game/
Doctor Stranger, 9.2,2014,https://asyafanatiklerim.com/dizi/doctor-stranger/
Emergency Couple, 8.4,2014,https://asyafanatiklerim.com/dizi/emergency-couple/
Discovery of Romance, 7.5,2014,https://asyafanatiklerim.com/dizi/discovery-of-romance/
You’re All Surrounded, 8.8,2014,https://asyafanatiklerim.com/dizi/youre-all-surrounded-tr1/
Set Me Free, 8.5,2014,https://asyafanatiklerim.com/film/set-me-free/
Twenty Years Old, 8,2014,https://asyafanatiklerim.com/dizi/twenty-years-old/
Sell Your Haunted House, 9.2,2021,https://asyafanatiklerim.com/dizi/sell-your-haunted-house/
Law School, 9.5,2021,https://asyafanatiklerim.com/dizi/law-school-news/
Taxi Driver, 9.5,2021,https://asyafanatiklerim.com/dizi/taxi-driver-tr/
Oh My Ladylord, 8.5,2021,https://asyafanatiklerim.com/dizi/oh-my-ladylord-v4/
Joseon Exorcist, 8.6,2021,https://asyafanatiklerim.com/dizi/joseon-exorcist/
Navillera, 9.2,2021,https://asyafanatiklerim.com/dizi/navillera/
Mouse, 9.4,2021,https://asyafanatiklerim.com/dizi/mouse-tr/
Vincenzo, 9.5,2021,https://asyafanatiklerim.com/dizi/vincenzo-tr/
Times, 8.6,2021,https://asyafanatiklerim.com/dizi/times-tr/
Beyond Evil, 9.1,2021,https://asyafanatiklerim.com/dizi/beyond-evil-nw1/
"Hello, Me!", 8.8,2021,https://asyafanatiklerim.com/dizi/hello-me-tr1/
Sisyphus: The Myth, 9.2,2021,https://asyafanatiklerim.com/dizi/sisyphus-the-myth-v12/
River Where the Moon Rises, 9.1,2021,https://asyafanatiklerim.com/dizi/river-where-the-moon-rises-v16/
Dr. Brain, 8.2,2021,https://asyafanatiklerim.com/dizi/dr-brain/
Inspector Koo, 8.1,2021,https://asyafanatiklerim.com/dizi/inspector-koo-v3/
Chimera, 8.5,2021,https://asyafanatiklerim.com/dizi/chimera/
Jirisan, 8.8,2021,https://asyafanatiklerim.com/dizi/jirisan-tr1/
More than Blue, 8.9,2021,https://asyafanatiklerim.com/dizi/more-than-blue/
Reflection of You, 7.9,2021,https://asyafanatiklerim.com/dizi/reflection-of-you-v2/
My Name, 9.4,2021,https://asyafanatiklerim.com/dizi/my-name/
The King’s Affection, 8.9,2021,https://asyafanatiklerim.com/dizi/the-kings-affection/
Dali and Cocky Prince, 9.4,2021,https://asyafanatiklerim.com/dizi/dali-and-cocky-prince-v7/
Love Scene Number, 8.4,2021,https://asyafanatiklerim.com/dizi/love-scene-number-tr1/
L.U.C.A: The Beginning, 9,2021,https://asyafanatiklerim.com/dizi/l-u-c-a-the-beginning-v1/
Marriage Lyrics and Divorce Music, 8.1,2021,https://asyafanatiklerim.com/dizi/marriage-lyrics-and-divorce-music/
She Would Never Know, 9.1,2021,https://asyafanatiklerim.com/dizi/she-would-never-know-nw/
Check Out the Event, 8.1,2021,https://asyafanatiklerim.com/dizi/check-out-the-event/
Police University, 9.2,2021,https://asyafanatiklerim.com/dizi/police-university/
The Road: The Tragedy of One, 7.6,2021,https://asyafanatiklerim.com/dizi/the-road-the-tragedy-of-one-new/
The Great Shaman Ga Doo Shim, 9,2021,https://asyafanatiklerim.com/dizi/the-great-shaman-ga-doo-shim-v3/
Blue Birthday, 9.2,2021,https://asyafanatiklerim.com/dizi/blue-birthday-tr1/
The Witch’s Diner, 9,2021,https://asyafanatiklerim.com/dizi/the-witchs-diner-tr1/
You Are My Spring, 8.8,2021,https://asyafanatiklerim.com/dizi/you-are-my-spring/
The Devil Judge, 9.5,2021,https://asyafanatiklerim.com/dizi/the-devil-judge/
On The Verge Of Insanity, 8.2,2021,https://asyafanatiklerim.com/dizi/on-the-verge-of-insanity-v5/
So Not Worth It, 8.5,2021,https://asyafanatiklerim.com/dizi/so-not-worth-it/
Nevertheless, 8.7,2021,https://asyafanatiklerim.com/dizi/nevertheless-v11/
Monthly Magazine Home, 9,2021,https://asyafanatiklerim.com/dizi/monthly-magazine-home-v3/
Blue Spring From A Distance, 9.2,2021,https://asyafanatiklerim.com/dizi/blue-spring-from-a-distance-v7/
Here’s My Plan, 8.8,2021,https://asyafanatiklerim.com/dizi/heres-my-plan-tr/
Racket Boys, 9,2021,https://asyafanatiklerim.com/dizi/racket-boys/
Hometown, 8.1,2021,https://asyafanatiklerim.com/dizi/hometown/
Squid Game, 9.1,2021,https://asyafanatiklerim.com/dizi/squid-game/
One the Woman, 8.8,2021,https://asyafanatiklerim.com/dizi/one-the-woman-v5/
The Veil, 9.3,2021,https://asyafanatiklerim.com/dizi/the-veil-tr1/
Yumi’s Cells, 9.1,2021,https://asyafanatiklerim.com/dizi/yumis-cells-tr/
High Class, 7.9,2021,https://asyafanatiklerim.com/dizi/high-class/
Lost, 8.8,2021,https://asyafanatiklerim.com/dizi/lost-tr/
You Raise Me Up, 8.3,2021,https://asyafanatiklerim.com/dizi/you-raise-me-up-v2/
Red Sky, 9.3,2021,https://asyafanatiklerim.com/dizi/red-sky-news/
D.P., 9,2021,https://asyafanatiklerim.com/dizi/d-p/
Hometown Cha-Cha-Cha, 9.5,2021,https://asyafanatiklerim.com/dizi/hometown-cha-cha-cha-tr/
My Roommate is A Gumiho, 9.3,2021,https://asyafanatiklerim.com/dizi/my-roommate-is-a-gumiho/
Mad for Each Other, 9.3,2021,https://asyafanatiklerim.com/dizi/mad-for-each-other/
Move To Heaven, 9.1,2021,https://asyafanatiklerim.com/dizi/move-to-heaven-tr/
Doom at Your Service, 9.5,2021,https://asyafanatiklerim.com/dizi/doom-at-your-service-v2/
Mine, 8.7,2021,https://asyafanatiklerim.com/dizi/mine/
Chocolate, 8.3,2019,https://asyafanatiklerim.com/dizi/chocolate-v8/
Love With Flaws, 8.9,2019,https://asyafanatiklerim.com/dizi/love-with-flaws-nw/
The Legends, 8.6,2019,https://asyafanatiklerim.com/dizi/the-legends/
Psychopath Diary, 9,2019,https://asyafanatiklerim.com/dizi/psychopath-diary-nw1/
Failing in Love, 7.6,2019,https://asyafanatiklerim.com/dizi/failing-in-love-tr/
VIP, 8.6,2019,https://asyafanatiklerim.com/dizi/vip/
Catch The Ghost, 8.8,2019,https://asyafanatiklerim.com/dizi/catch-the-ghost/
Leverage, 9.1,2019,https://asyafanatiklerim.com/dizi/leverage/
The Lies Within, 7.9,2019,https://asyafanatiklerim.com/dizi/the-lies-within/
Arsenal Military Academy, 8.9,2019,https://asyafanatiklerim.com/dizi/arsenal-military-academy/
My Country, 8.9,2019,https://asyafanatiklerim.com/dizi/my-country/
Extraordinary You, 9.2,2019,https://asyafanatiklerim.com/dizi/extraordinary-you-en39/
My Girlfriend is an Alien, 9.1,2019,https://asyafanatiklerim.com/dizi/my-girlfriend-is-an-alien/
Tale of Nokdu, 9.1,2019,https://asyafanatiklerim.com/dizi/tale-of-nokdu/
Melting Me Softly, 9.1,2019,https://asyafanatiklerim.com/dizi/melting-me-softly-v1/
My Husband Won’t Fit, 6.4,2019,https://asyafanatiklerim.com/dizi/my-husband-wont-fit/
Miss Lee, 7.2,2019,https://asyafanatiklerim.com/dizi/miss-lee/
The Odd Family: Zombie On Sale, 8.7,2019,https://asyafanatiklerim.com/film/the-odd-family-zombie-on-sale/
The King’s Letters, 8.6,2019,https://asyafanatiklerim.com/film/the-kings-letters/
The Dude in Me, 9,2019,https://asyafanatiklerim.com/film/the-dude-in-me/
Love and Lies, 6.8,2017,https://asyafanatiklerim.com/dizi/love-and-lies/
Tomorrow With You, 8.5,2017,https://asyafanatiklerim.com/dizi/tomorrow-with-you/
The Best Hit, 9.1,2017,https://asyafanatiklerim.com/dizi/the-best-hit/
Secret Forest, 8.5,2017,https://asyafanatiklerim.com/dizi/secret-forest/
Whisper, 7.4,2017,https://asyafanatiklerim.com/dizi/whisper-tr/
Duel, 8.9,2017,https://asyafanatiklerim.com/dizi/duel/
Queen For Seven Days, 8.4,2017,https://asyafanatiklerim.com/dizi/queen-for-seven-days/
Lookout, 8.9,2017,https://asyafanatiklerim.com/dizi/lookout-tr/
Tunnel, 9,2017,https://asyafanatiklerim.com/dizi/tunnel/
Revolutionary Love, 8.2,2017,https://asyafanatiklerim.com/dizi/revolutionary-love/
Chicago Typewriter, 9.5,2017,https://asyafanatiklerim.com/dizi/chicago-typewriter/
Circle, 8,2017,https://asyafanatiklerim.com/dizi/circle/
Chief Kim, 8.4,2017,https://asyafanatiklerim.com/dizi/chief-kim/
My Sassy Girl, 8,2017,https://asyafanatiklerim.com/dizi/my-sassy-girl/
Fight for My Way, 9.2,2017,https://asyafanatiklerim.com/dizi/fight-for-my-way-tur12/
I Cannot Hug You, 7.7,2017,https://asyafanatiklerim.com/dizi/i-cannot-hug-you/
Black, 9.2,2017,https://asyafanatiklerim.com/dizi/black/
Woman of Dignity, 7,2017,https://asyafanatiklerim.com/dizi/woman-of-dignity-news/
Mad Dog, 9.3,2017,https://asyafanatiklerim.com/dizi/mad-dog/
Deserving of the Name, 8.8,2017,https://asyafanatiklerim.com/dizi/deserving-of-the-name/
Sailor Moon Crystal, 8.3,2014,https://asyafanatiklerim.com/dizi/sailor-moon-crystal/
ST Aka to Shiro no Sousa File, 7.2,2014,https://asyafanatiklerim.com/dizi/st-aka-to-shiro-no-sousa-file/
Mahou Sensou, 7.3,2014,https://asyafanatiklerim.com/dizi/mahou-sensou/
Five, 8.9,2017,https://asyafanatiklerim.com/dizi/five/
Manhole, 7.5,2017,https://asyafanatiklerim.com/dizi/manhole/
Hana ni Kedamono, 7.3,2017,https://asyafanatiklerim.com/dizi/hana-ni-kedamono/
Black Bullet, 6.4,2014,https://asyafanatiklerim.com/dizi/black-bullet/
Akame ga Kill, 8.1,2014,https://asyafanatiklerim.com/dizi/akame-ga-kill/
Boysitter, 5.7,2014,https://asyafanatiklerim.com/dizi/boysitter/
Go Single Lady, 7.2,2014,https://asyafanatiklerim.com/dizi/go-single-lady/
Fall In Love With Me, 8.3,2014,https://asyafanatiklerim.com/dizi/fall-in-love-with-me/
Cubic, 7.8,2014,https://asyafanatiklerim.com/dizi/cubic/
Chocolat, 6.8,2014,https://asyafanatiklerim.com/dizi/chocolat/
Pinocchio, 9.1,2014,https://asyafanatiklerim.com/dizi/pinocchio-tur9/
Angel Magic, 6.5,2014,https://asyafanatiklerim.com/dizi/angel-magic/
Angel ‘N’ Devil, 7.9,2014,https://asyafanatiklerim.com/dizi/angel-n-devil/
Pride and Prejudice, 8.2,2014,https://asyafanatiklerim.com/dizi/pride-and-prejudice/
Misaeng, 7,2014,https://asyafanatiklerim.com/dizi/misaeng/
Bad Guys, 8.6,2014,https://asyafanatiklerim.com/dizi/bad-guys/
Ani Ni Aisaresugite Komattemasu, 7.6,2017,https://asyafanatiklerim.com/dizi/ani-ni-aisaresugite-komattemasu/
Temperature of Love, 8.6,2017,https://asyafanatiklerim.com/dizi/temperature-of-love/
My Only Love Song, 8,2017,https://asyafanatiklerim.com/dizi/my-only-love-song/
Two Cops, 8.4,2017,https://asyafanatiklerim.com/dizi/two-cops-tr/
Falsify, 6.6,2017,https://asyafanatiklerim.com/dizi/falsify-tr1/
Doubtful Victory, 8.3,2017,https://asyafanatiklerim.com/dizi/doubtful-victory/
Saimdang Light’s Diary, 7.8,2017,https://asyafanatiklerim.com/dizi/saimdang-lights-diary-tr/
Cambrian Period, 8,2017,https://asyafanatiklerim.com/dizi/cambrian-period/
Dear Prince, 7.3,2017,https://asyafanatiklerim.com/dizi/dear-prince/
Mystery Queen, 8,2017,https://asyafanatiklerim.com/dizi/mystery-queen/
Just Between Lovers, 9.3,2017,https://asyafanatiklerim.com/dizi/just-between-lovers/
Heart Blackened, 9.2,2017,https://asyafanatiklerim.com/film/heart-blackened/
The Swindlers, 9.3,2017,https://asyafanatiklerim.com/film/the-swindlers/
Wise Prison Life, 8.7,2017,https://asyafanatiklerim.com/dizi/wise-prison-life/
Fated To Love You, 9.2,2014,https://asyafanatiklerim.com/dizi/fated-to-love-you/
Bride of the Century, 8.2,2014,https://asyafanatiklerim.com/dizi/bride-of-the-century-nw/
High School Love On, 8.9,2014,https://asyafanatiklerim.com/dizi/high-school-love-on/
Hotel King, 7.6,2014,https://asyafanatiklerim.com/dizi/hotel-king/
Go Back Couple, 8.5,2017,https://asyafanatiklerim.com/dizi/go-back-couple-tr/
Jugglers, 7.9,2017,https://asyafanatiklerim.com/dizi/jugglers/
Bluebeard, 7.3,2017,https://asyafanatiklerim.com/film/bluebeard/
Come and Hug Me, 9.1,2018,https://asyafanatiklerim.com/dizi/come-and-hug-me/
Mr. Sunshine, 9.2,2018,https://asyafanatiklerim.com/dizi/mr-sunshine/
After My Death, 8,2018,https://asyafanatiklerim.com/film/after-my-death-izle/
The Guest, 8.4,2018,https://asyafanatiklerim.com/dizi/the-guest/
100 Days My Prince, 8.9,2018,https://asyafanatiklerim.com/dizi/100-days-my-prince/
The Divine Fury, 9.2,2019,https://asyafanatiklerim.com/film/the-divine-fury-nw/
No Mercy, 8.8,2019,https://asyafanatiklerim.com/film/no-mercy/
Money, 8.9,2019,https://asyafanatiklerim.com/film/money/
Miss and Mrs. Cops, 9.4,2019,https://asyafanatiklerim.com/film/miss-and-mrs-cops/
Juror 8, 9.3,2019,https://asyafanatiklerim.com/film/juror-8/
Hit and Run Squad, 9,2019,https://asyafanatiklerim.com/film/hit-and-run-squad/
Pegasus Market, 7.8,2019,https://asyafanatiklerim.com/dizi/pegasus-market/
Ghost Detective, 8.5,2018,https://asyafanatiklerim.com/dizi/ghost-detective/
Big Forest, 5.8,2018,https://asyafanatiklerim.com/dizi/big-forest/
Devilish Joy, 8.9,2018,https://asyafanatiklerim.com/dizi/devilish-joy-nw1/
Lovely Horribly, 7.8,2018,https://asyafanatiklerim.com/dizi/lovely-horribly/
Familiar Wife, 8.8,2018,https://asyafanatiklerim.com/dizi/familiar-wife/
Your House Helper, 7.6,2018,https://asyafanatiklerim.com/dizi/your-house-helper-tr/
Believer, 8.7,2018,https://asyafanatiklerim.com/film/believer-izle/
Zoraki Dedektif 2, 8.6,2018,https://asyafanatiklerim.com/film/zoraki-dedektif-2-izle/
The Great Battle, 9.3,2018,https://asyafanatiklerim.com/film/the-great-battle-izle/
The Vanished, 9.1,2018,https://asyafanatiklerim.com/film/the-vanished-izle/
Your Honor, 8,2018,https://asyafanatiklerim.com/dizi/your-honor/
The Spy Gone North, 7.6,2018,https://asyafanatiklerim.com/film/the-spy-gone-north/
Risky Romance, 7.5,2018,https://asyafanatiklerim.com/dizi/risky-romance-tr1/
Vagabond, 9.4,2019,https://asyafanatiklerim.com/dizi/vagabond/
When the Camellia Blooms, 8.8,2019,https://asyafanatiklerim.com/dizi/when-the-camellia-blooms/
The Running Mates, 7.1,2019,https://asyafanatiklerim.com/dizi/the-running-mates/
Secret Boutique, 7.5,2019,https://asyafanatiklerim.com/dizi/secret-boutique-v4/
Flower Crew: Joseon Marriage Agency, 8.7,2019,https://asyafanatiklerim.com/dizi/flower-crew-joseon-marriage-agency-en4/
Strangers From Hell, 9.5,2019,https://asyafanatiklerim.com/dizi/strangers-from-hell/
The Great Show, 8.4,2019,https://asyafanatiklerim.com/dizi/the-great-show/
Love Alarm, 8.6,2019,https://asyafanatiklerim.com/dizi/love-alarm-tr/
Graceful Family, 8.8,2019,https://asyafanatiklerim.com/dizi/graceful-family-tr/
Hip Hop King, 7.8,2019,https://asyafanatiklerim.com/dizi/hip-hop-king/
Be Melodramatic, 7.6,2019,https://asyafanatiklerim.com/dizi/be-melodramatic-tur10/
Welcome 2 Life, 8.5,2019,https://asyafanatiklerim.com/dizi/welcome-2-life-en3/
Everything and Nothing, 7.8,2019,https://asyafanatiklerim.com/dizi/everything-and-nothing/
Life, 8,2018,https://asyafanatiklerim.com/dizi/life/
Little Forest, 8.4,2018,https://asyafanatiklerim.com/film/little-forest/
